,visitor_id,first_name,surname,email
0,2,Maria,Young,MariaYoung@gmail.com
1,4,Rebecca,Carter,RebeccaCarter@gmail.com
2,5,John,Burnside,JohnBurnside@gmail.com
3,6,Kevin,Padmore,KevinPadmore@gmail.com
4,7,Lisa,Wyrick,LisaWyrick@gmail.com
5,8,Katherine,Chasse,KatherineChasse@gmail.com
6,9,Jerry,Cramblit,JerryCramblit@gmail.com
7,10,Paul,Smith,PaulSmith@gmail.com
8,11,Lisa,Gonzales,LisaGonzales@gmail.com
9,12,Doris,Bass,DorisBass@gmail.com
10,14,Cynthia,Dean,CynthiaDean@gmail.com
11,15,Eugene,Labine,EugeneLabine@gmail.com
12,16,Lorraine,Diaz,LorraineDiaz@gmail.com
13,18,Fernando,Williams,FernandoWilliams@gmail.com
14,19,Rolando,Phariss,RolandoPhariss@gmail.com
15,20,Joseph,Mcgruder,JosephMcgruder@gmail.com
16,21,Elaine,Stroud,ElaineStroud@gmail.com
17,22,Gerald,Finch,GeraldFinch@gmail.com
18,23,Doris,Deblauw,DorisDeblauw@gmail.com
19,24,Nathaniel,Ortega,NathanielOrtega@gmail.com
20,25,Robert,Brown,RobertBrown@gmail.com
21,26,Anthony,Harrison,AnthonyHarrison@gmail.com
22,27,Naomi,Smith,NaomiSmith@gmail.com
23,28,Mckinley,Hermosillo,MckinleyHermosillo@gmail.com
24,29,Lance,Parks,LanceParks@gmail.com
25,31,Robert,Wood,RobertWood@gmail.com
26,32,Mark,Theden,MarkTheden@gmail.com
27,33,Barbara,Marth,BarbaraMarth@gmail.com
28,34,Stan,Orr,StanOrr@gmail.com
29,35,Brent,Gleason,BrentGleason@gmail.com
30,37,William,Robinson,WilliamRobinson@gmail.com
31,38,Geraldine,Tinkle,GeraldineTinkle@gmail.com
32,39,Alvin,Sears,AlvinSears@gmail.com
33,40,Meredith,Schmidt,MeredithSchmidt@gmail.com
34,41,Jana,Joyner,JanaJoyner@gmail.com
35,42,Carol,Harris,CarolHarris@gmail.com
36,43,Donald,Stoker,DonaldStoker@gmail.com
37,44,Thomas,Arnett,ThomasArnett@gmail.com
38,45,Brendan,Bly,BrendanBly@gmail.com
39,46,Douglas,Rodman,DouglasRodman@gmail.com
40,47,Paul,Teasley,PaulTeasley@gmail.com
41,48,Kyle,Biggs,KyleBiggs@gmail.com
42,49,William,Deerman,WilliamDeerman@gmail.com
43,50,Megan,Carriere,MeganCarriere@gmail.com
44,51,Eric,Simons,EricSimons@gmail.com
45,52,Betty,Martinez,BettyMartinez@gmail.com
46,53,James,Dallas,JamesDallas@gmail.com
47,54,Colleen,Romero,ColleenRomero@gmail.com
48,55,Florence,Estes,FlorenceEstes@gmail.com
49,56,Jami,Mandel,JamiMandel@gmail.com
50,57,Dorothy,Williams,DorothyWilliams@gmail.com
51,58,Linda,Madden,LindaMadden@gmail.com
52,59,Ted,Mason,TedMason@gmail.com
53,60,Kyle,Carn,KyleCarn@gmail.com
54,61,Gene,Miller,GeneMiller@gmail.com
55,62,Richard,Sutton,RichardSutton@gmail.com
56,63,Linda,Loyd,LindaLoyd@gmail.com
57,64,Teresa,Echols,TeresaEchols@gmail.com
58,65,Jennifer,Lievano,JenniferLievano@gmail.com
59,67,Thomas,Burbach,ThomasBurbach@gmail.com
60,69,Margaret,Mcwethy,MargaretMcwethy@gmail.com
61,70,James,Martin,JamesMartin@gmail.com
62,71,Larry,Norvell,LarryNorvell@gmail.com
63,72,Jennifer,Zorns,JenniferZorns@gmail.com
64,73,Isidra,Baker,IsidraBaker@gmail.com
65,74,Thomas,Bourdeau,ThomasBourdeau@gmail.com
66,75,Erik,Alvarado,ErikAlvarado@gmail.com
67,76,Michael,Gunn,MichaelGunn@gmail.com
68,77,Benjamin,Bryan,BenjaminBryan@gmail.com
69,78,Ralph,Pickett,RalphPickett@gmail.com
70,79,Shelby,Clark,ShelbyClark@gmail.com
71,80,Mary,Blackburn,MaryBlackburn@gmail.com
72,81,Donald,Davis,DonaldDavis@gmail.com
73,82,Tammy,Smith,TammySmith@gmail.com
74,83,Cindy,Turner,CindyTurner@gmail.com
75,84,Rose,Roberts,RoseRoberts@gmail.com
76,85,Stuart,Evangelista,StuartEvangelista@gmail.com
77,86,Jose,Goodloe,JoseGoodloe@gmail.com
78,87,Richard,Evans,RichardEvans@gmail.com
79,88,Moses,Corell,MosesCorell@gmail.com
80,89,Harry,Looney,HarryLooney@gmail.com
81,91,Daniel,Wells,DanielWells@gmail.com
82,93,Ernest,Moore,ErnestMoore@gmail.com
83,94,Tonja,Ivey,TonjaIvey@gmail.com
84,95,Timothy,Simitian,TimothySimitian@gmail.com
85,96,Mark,Orr,MarkOrr@gmail.com
86,97,John,Blair,JohnBlair@gmail.com
87,98,Rafael,Langford,RafaelLangford@gmail.com
88,100,Travis,Keel,TravisKeel@gmail.com
89,101,Howard,Mcfalls,HowardMcfalls@gmail.com
90,102,Claude,Smith,ClaudeSmith@gmail.com
91,103,Prudence,Mccall,PrudenceMccall@gmail.com
92,104,John,Jenkin,JohnJenkin@gmail.com
93,105,Henrietta,Brown,HenriettaBrown@gmail.com
94,106,Andrew,Radke,AndrewRadke@gmail.com
95,107,Anne,Holt,AnneHolt@gmail.com
96,108,Kimberly,Lukowski,KimberlyLukowski@gmail.com
97,111,Glenn,Mumbower,GlennMumbower@gmail.com
98,112,Jason,Ulatowski,JasonUlatowski@gmail.com
99,113,Anna,Wellington,AnnaWellington@gmail.com
100,114,Karen,Benny,KarenBenny@gmail.com
101,115,Jessica,Stewart,JessicaStewart@gmail.com
102,116,Geraldine,Hackney,GeraldineHackney@gmail.com
103,117,Angel,Trevino,AngelTrevino@gmail.com
104,118,Michele,Cortes,MicheleCortes@gmail.com
105,119,Manuela,Portillo,ManuelaPortillo@gmail.com
106,121,Samuel,Mccutcheon,SamuelMccutcheon@gmail.com
107,122,Diana,Harris,DianaHarris@gmail.com
108,123,Patti,Lee,PattiLee@gmail.com
109,124,Spencer,King,SpencerKing@gmail.com
110,125,Peter,Milton,PeterMilton@gmail.com
111,126,Oscar,Updike,OscarUpdike@gmail.com
112,127,Mark,Simmons,MarkSimmons@gmail.com
113,128,Jean,Love,JeanLove@gmail.com
114,129,Mitzi,Wood,MitziWood@gmail.com
115,130,Dianne,Cottingham,DianneCottingham@gmail.com
116,131,Carl,Buckner,CarlBuckner@gmail.com
117,133,Pamela,Dickerson,PamelaDickerson@gmail.com
118,134,John,Carey,JohnCarey@gmail.com
119,135,Diana,Cooper,DianaCooper@gmail.com
120,136,Stacy,Escobedo,StacyEscobedo@gmail.com
121,137,Lee,Pond,LeePond@gmail.com
122,138,Vito,Kutz,VitoKutz@gmail.com
123,139,Ann,Reina,AnnReina@gmail.com
124,140,Richard,Peebles,RichardPeebles@gmail.com
125,141,Van,Mouton,VanMouton@gmail.com
126,142,Ramona,Lopez,RamonaLopez@gmail.com
127,143,Margie,Merrill,MargieMerrill@gmail.com
128,144,Thomas,Monaco,ThomasMonaco@gmail.com
129,145,Angela,Spinelli,AngelaSpinelli@gmail.com
130,146,Rodney,Koczera,RodneyKoczera@gmail.com
131,147,Elizabeth,Hatcher,ElizabethHatcher@gmail.com
132,148,Carl,Silva,CarlSilva@gmail.com
133,149,Tommy,Lopez,TommyLopez@gmail.com
134,152,Sean,Munoz,SeanMunoz@gmail.com
135,153,Alan,Bush,AlanBush@gmail.com
136,156,Joetta,Heard,JoettaHeard@gmail.com
137,157,Rose,Skowronek,RoseSkowronek@gmail.com
138,158,Dana,Post,DanaPost@gmail.com
139,159,Judith,Malloy,JudithMalloy@gmail.com
140,160,Gary,Stewart,GaryStewart@gmail.com
141,161,Nina,Obyrne,NinaObyrne@gmail.com
142,162,Stephen,Earl,StephenEarl@gmail.com
143,163,Troy,Fondren,TroyFondren@gmail.com
144,164,Jorge,Bach,JorgeBach@gmail.com
145,165,Donald,Mathis,DonaldMathis@gmail.com
146,166,Tasha,Pence,TashaPence@gmail.com
147,167,Gary,Jordan,GaryJordan@gmail.com
148,168,Alisa,Cecil,AlisaCecil@gmail.com
149,169,Cedric,Woods,CedricWoods@gmail.com
150,170,Cynthia,Coleman,CynthiaColeman@gmail.com
151,171,Micha,Rowton,MichaRowton@gmail.com
152,172,Jack,Mcrae,JackMcrae@gmail.com
153,174,Del,Giglio,DelGiglio@gmail.com
154,175,David,Stancill,DavidStancill@gmail.com
155,176,Matthew,Sifuentes,MatthewSifuentes@gmail.com
156,177,Adrian,Coxon,AdrianCoxon@gmail.com
157,178,Ashley,Capaldi,AshleyCapaldi@gmail.com
158,179,Renee,Mozingo,ReneeMozingo@gmail.com
159,180,Anthony,Mao,AnthonyMao@gmail.com
160,181,Russ,Bowman,RussBowman@gmail.com
161,182,Virginia,Luckey,VirginiaLuckey@gmail.com
162,183,Anne,Chon,AnneChon@gmail.com
163,184,Mary,Miranda,MaryMiranda@gmail.com
164,185,Cynthia,Battee,CynthiaBattee@gmail.com
165,186,Jamie,Larsen,JamieLarsen@gmail.com
166,187,Robert,Graf,RobertGraf@gmail.com
167,189,Carl,Buchauer,CarlBuchauer@gmail.com
168,190,John,Owens,JohnOwens@gmail.com
169,191,Eleanor,White,EleanorWhite@gmail.com
170,192,Kurt,Acevedo,KurtAcevedo@gmail.com
171,193,Janet,Monger,JanetMonger@gmail.com
172,194,Douglas,Hansen,DouglasHansen@gmail.com
173,195,Harry,Gean,HarryGean@gmail.com
174,197,Josephine,Fields,JosephineFields@gmail.com
175,198,Kevin,Mahurin,KevinMahurin@gmail.com
176,200,Cruz,Stannard,CruzStannard@gmail.com
177,201,Dan,Gourd,DanGourd@gmail.com
178,202,Gene,Conroy,GeneConroy@gmail.com
179,203,Sherry,Jamieson,SherryJamieson@gmail.com
180,204,Patricia,Whipple,PatriciaWhipple@gmail.com
181,205,Sarah,Kroesing,SarahKroesing@gmail.com
182,207,James,Shultz,JamesShultz@gmail.com
183,208,Linda,Long,LindaLong@gmail.com
184,209,Deane,Singh,DeaneSingh@gmail.com
185,210,Jennifer,Arriaga,JenniferArriaga@gmail.com
186,212,Shirley,Rowe,ShirleyRowe@gmail.com
187,213,Travis,Robinson,TravisRobinson@gmail.com
188,214,Vernon,Nichols,VernonNichols@gmail.com
189,215,Dan,Stickles,DanStickles@gmail.com
190,216,Bobby,Hazelton,BobbyHazelton@gmail.com
191,217,Dale,Rogers,DaleRogers@gmail.com
192,218,Warren,Bach,WarrenBach@gmail.com
193,219,Donald,Batten,DonaldBatten@gmail.com
194,220,Corinne,Hendrickson,CorinneHendrickson@gmail.com
195,221,Barbara,Fontes,BarbaraFontes@gmail.com
196,222,Elizabeth,Newberry,ElizabethNewberry@gmail.com
197,223,Michael,Gregory,MichaelGregory@gmail.com
198,224,Daniel,Norman,DanielNorman@gmail.com
199,225,Bill,Buchner,BillBuchner@gmail.com
200,226,Darrell,Anderson,DarrellAnderson@gmail.com
201,227,Audrey,Parker,AudreyParker@gmail.com
202,228,Linda,Salvato,LindaSalvato@gmail.com
203,229,Martin,Jaggers,MartinJaggers@gmail.com
204,230,Joyce,Fox,JoyceFox@gmail.com
205,231,Patricia,Ball,PatriciaBall@gmail.com
206,232,Gloria,Kartes,GloriaKartes@gmail.com
207,233,Adrienne,Wilber,AdrienneWilber@gmail.com
208,234,Martin,Powell,MartinPowell@gmail.com
209,235,William,Mikulak,WilliamMikulak@gmail.com
210,236,Lisa,Cottone,LisaCottone@gmail.com
211,237,Donna,Magill,DonnaMagill@gmail.com
212,238,Daniel,Bourbon,DanielBourbon@gmail.com
213,239,Raymond,Balas,RaymondBalas@gmail.com
214,240,Claire,Denby,ClaireDenby@gmail.com
215,241,Jesus,Figueroa,JesusFigueroa@gmail.com
216,242,Francisco,Quinones,FranciscoQuinones@gmail.com
217,243,Betty,Traficante,BettyTraficante@gmail.com
218,245,Deborah,Stjohn,DeborahStjohn@gmail.com
219,246,Anna,Beale,AnnaBeale@gmail.com
220,247,Pablo,Andrzejewski,PabloAndrzejewski@gmail.com
221,248,James,Woodard,JamesWoodard@gmail.com
222,250,Dawn,Hughes,DawnHughes@gmail.com
223,251,Maria,Mejia,MariaMejia@gmail.com
224,252,Linda,Smith,LindaSmith@gmail.com
225,253,Justin,Trappey,JustinTrappey@gmail.com
226,254,William,Legge,WilliamLegge@gmail.com
227,256,Glen,Jones,GlenJones@gmail.com
228,257,Bill,Clark,BillClark@gmail.com
229,259,Andrew,Navarro,AndrewNavarro@gmail.com
230,260,Travis,Surratt,TravisSurratt@gmail.com
231,262,Amber,Hall,AmberHall@gmail.com
232,263,Robert,Johnson,RobertJohnson@gmail.com
233,265,Daniel,Rump,DanielRump@gmail.com
234,266,Sara,Barr,SaraBarr@gmail.com
235,267,Kimberly,Gray,KimberlyGray@gmail.com
236,268,Steve,Ream,SteveReam@gmail.com
237,269,Eddie,Jackson,EddieJackson@gmail.com
238,270,Amanda,Exum,AmandaExum@gmail.com
239,271,Hope,Lackey,HopeLackey@gmail.com
240,272,John,Vasquez,JohnVasquez@gmail.com
241,273,Raymond,Stark,RaymondStark@gmail.com
242,274,Karla,Foster,KarlaFoster@gmail.com
243,275,Christina,Bledsoe,ChristinaBledsoe@gmail.com
244,276,Lillian,Vulich,LillianVulich@gmail.com
245,277,Helen,Rasor,HelenRasor@gmail.com
246,278,William,Higgins,WilliamHiggins@gmail.com
247,279,Dennis,Duke,DennisDuke@gmail.com
248,280,Willie,Zavala,WillieZavala@gmail.com
249,281,Mary,Berry,MaryBerry@gmail.com
250,282,Gabriel,Zweier,GabrielZweier@gmail.com
251,283,Travis,Mireles,TravisMireles@gmail.com
252,284,Monica,Reyes,MonicaReyes@gmail.com
253,285,Heidi,Thompson,HeidiThompson@gmail.com
254,286,John,Meredith,JohnMeredith@gmail.com
255,287,Max,Page,MaxPage@gmail.com
256,288,Dorothy,Kemp,DorothyKemp@gmail.com
257,290,Grover,Mcneal,GroverMcneal@gmail.com
258,293,Patricia,Bintner,PatriciaBintner@gmail.com
259,294,Hazel,Bell,HazelBell@gmail.com
260,295,Jacob,Morse,JacobMorse@gmail.com
261,296,Robert,Ward,RobertWard@gmail.com
262,297,Frances,Gregory,FrancesGregory@gmail.com
263,298,Tomi,Cobb,TomiCobb@gmail.com
264,299,Gary,Rayner,GaryRayner@gmail.com
265,300,Philip,Winfrey,PhilipWinfrey@gmail.com
266,301,Robert,Pedro,RobertPedro@gmail.com
267,302,Shirley,Anderson,ShirleyAnderson@gmail.com
268,303,Sylvia,Mclaughlin,SylviaMclaughlin@gmail.com
269,305,Mittie,Padua,MittiePadua@gmail.com
270,306,James,Hubert,JamesHubert@gmail.com
271,307,Effie,Zuniga,EffieZuniga@gmail.com
272,308,Maurice,King,MauriceKing@gmail.com
273,309,Howard,Pryor,HowardPryor@gmail.com
274,310,Sara,Gordon,SaraGordon@gmail.com
275,311,Noel,Labeau,NoelLabeau@gmail.com
276,312,Bobby,Moore,BobbyMoore@gmail.com
277,313,Jeffrey,Black,JeffreyBlack@gmail.com
278,314,Richard,Castillo,RichardCastillo@gmail.com
279,315,Roderick,Berry,RoderickBerry@gmail.com
280,317,Una,Penn,UnaPenn@gmail.com
281,318,Joshua,Gresham,JoshuaGresham@gmail.com
282,319,Michael,Toban,MichaelToban@gmail.com
283,320,Lois,Griffin,LoisGriffin@gmail.com
284,321,Barry,Bogard,BarryBogard@gmail.com
285,322,Shelly,Haider,ShellyHaider@gmail.com
286,323,Barbara,Mccall,BarbaraMccall@gmail.com
287,324,Willie,Byrd,WillieByrd@gmail.com
288,325,Henrietta,Mouton,HenriettaMouton@gmail.com
289,326,Rebekah,Alston,RebekahAlston@gmail.com
290,327,Rachel,Miller,RachelMiller@gmail.com
291,328,Gregory,Smith,GregorySmith@gmail.com
292,329,Gerard,Vanblaricum,GerardVanblaricum@gmail.com
293,330,Darrell,Fabrizio,DarrellFabrizio@gmail.com
294,331,Viola,Murray,ViolaMurray@gmail.com
295,332,Deborah,Johnson,DeborahJohnson@gmail.com
296,333,Laura,Davis,LauraDavis@gmail.com
297,334,Travis,Hall,TravisHall@gmail.com
298,335,Susan,Williams,SusanWilliams@gmail.com
299,336,Vickie,Coleman,VickieColeman@gmail.com
300,337,Judith,Clemons,JudithClemons@gmail.com
301,339,James,Garrett,JamesGarrett@gmail.com
302,340,Hazel,Harper,HazelHarper@gmail.com
303,341,Alberto,Mone,AlbertoMone@gmail.com
304,342,Andrew,Carter,AndrewCarter@gmail.com
305,343,Nick,Hawes,NickHawes@gmail.com
306,344,Anna,Huffman,AnnaHuffman@gmail.com
307,345,Kerri,Viars,KerriViars@gmail.com
308,347,Rachel,Douglas,RachelDouglas@gmail.com
309,348,Merle,Sanford,MerleSanford@gmail.com
310,349,Lisa,Crane,LisaCrane@gmail.com
311,350,Kim,Grant,KimGrant@gmail.com
312,351,Charles,Grote,CharlesGrote@gmail.com
313,352,Donald,Heckman,DonaldHeckman@gmail.com
314,353,Brenda,Silver,BrendaSilver@gmail.com
315,354,Juliana,Winston,JulianaWinston@gmail.com
316,355,Tara,Mochizuki,TaraMochizuki@gmail.com
317,356,Theresa,Juarez,TheresaJuarez@gmail.com
318,357,Patricia,Weissman,PatriciaWeissman@gmail.com
319,358,Charles,Pimental,CharlesPimental@gmail.com
320,359,Annie,Rickon,AnnieRickon@gmail.com
321,360,John,Kirkland,JohnKirkland@gmail.com
322,361,Barbara,Smith,BarbaraSmith@gmail.com
323,362,Janet,Bray,JanetBray@gmail.com
324,363,Dean,Frazier,DeanFrazier@gmail.com
325,364,John,Payton,JohnPayton@gmail.com
326,365,Billie,Forte,BillieForte@gmail.com
327,366,Carmen,Morris,CarmenMorris@gmail.com
328,367,Christopher,Thomas,ChristopherThomas@gmail.com
329,368,Gillian,Rosemond,GillianRosemond@gmail.com
330,369,Pam,Boone,PamBoone@gmail.com
331,372,Anita,Jones,AnitaJones@gmail.com
332,373,Michael,Wissinger,MichaelWissinger@gmail.com
333,374,Rodney,Mcleod,RodneyMcleod@gmail.com
334,375,Sherry,Matthews,SherryMatthews@gmail.com
335,377,Floyd,Oden,FloydOden@gmail.com
336,378,John,Monterio,JohnMonterio@gmail.com
337,379,Chantal,Hunter,ChantalHunter@gmail.com
338,381,Kenneth,Terrell,KennethTerrell@gmail.com
339,382,James,Seal,JamesSeal@gmail.com
340,383,Christa,Foster,ChristaFoster@gmail.com
341,384,Stanley,Smith,StanleySmith@gmail.com
342,385,Dora,Baird,DoraBaird@gmail.com
343,386,Gina,Enriquez,GinaEnriquez@gmail.com
344,387,Lawrence,Mathis,LawrenceMathis@gmail.com
345,388,Walter,Bowen,WalterBowen@gmail.com
346,389,Glenna,Muise,GlennaMuise@gmail.com
347,390,Joshua,Crutcher,JoshuaCrutcher@gmail.com
348,391,Kimberly,Hanks,KimberlyHanks@gmail.com
349,394,Fran,Shook,FranShook@gmail.com
350,395,Allen,Allison,AllenAllison@gmail.com
351,396,Anastasia,Rodrigues,AnastasiaRodrigues@gmail.com
352,397,Bobby,Nelson,BobbyNelson@gmail.com
353,398,Carolyn,Degaetano,CarolynDegaetano@gmail.com
354,399,Judith,Gongora,JudithGongora@gmail.com
355,400,Ann,Mattson,AnnMattson@gmail.com
356,401,Raymond,Glory,RaymondGlory@gmail.com
357,402,Mark,Kenney,MarkKenney@gmail.com
358,403,Audrey,Hernandez,AudreyHernandez@gmail.com
359,404,Mike,Pool,MikePool@gmail.com
360,405,Ronald,Holland,RonaldHolland@gmail.com
361,406,Marisela,Green,MariselaGreen@gmail.com
362,407,Homer,Myers,HomerMyers@gmail.com
363,408,Jeanette,Brayboy,JeanetteBrayboy@gmail.com
364,409,Reba,Roffe,RebaRoffe@gmail.com
365,410,Ernest,Staschke,ErnestStaschke@gmail.com
366,411,Heather,Cuesta,HeatherCuesta@gmail.com
367,412,Margret,Steele,MargretSteele@gmail.com
368,414,Patrick,Cook,PatrickCook@gmail.com
369,415,Joe,Wells,JoeWells@gmail.com
370,416,John,Buck,JohnBuck@gmail.com
371,417,Lloyd,Smith,LloydSmith@gmail.com
372,419,Raymond,Robinson,RaymondRobinson@gmail.com
373,420,Pat,Condon,PatCondon@gmail.com
374,421,Sylvia,Law,SylviaLaw@gmail.com
375,422,Lori,Varos,LoriVaros@gmail.com
376,423,Raymond,Martinez,RaymondMartinez@gmail.com
377,424,Linda,Miner,LindaMiner@gmail.com
378,425,David,Chattin,DavidChattin@gmail.com
379,426,Cory,Garcia,CoryGarcia@gmail.com
380,427,Dannie,Mcbride,DannieMcbride@gmail.com
381,428,Damon,Pearson,DamonPearson@gmail.com
382,429,Jay,Funderburk,JayFunderburk@gmail.com
383,430,Guy,Close,GuyClose@gmail.com
384,431,Ryan,Trent,RyanTrent@gmail.com
385,432,Helen,Picerno,HelenPicerno@gmail.com
386,433,Pam,Fitzloff,PamFitzloff@gmail.com
387,434,Paul,Cardenas,PaulCardenas@gmail.com
388,436,Edwin,Tarnowski,EdwinTarnowski@gmail.com
389,437,Frank,Parker,FrankParker@gmail.com
390,438,Judith,Smith,JudithSmith@gmail.com
391,439,Eddie,Bingler,EddieBingler@gmail.com
392,440,Paula,Wunderlich,PaulaWunderlich@gmail.com
393,441,Corey,Balas,CoreyBalas@gmail.com
394,442,Camellia,Kennedy,CamelliaKennedy@gmail.com
395,443,Jack,Sheneman,JackSheneman@gmail.com
396,444,Todd,Jackson,ToddJackson@gmail.com
397,445,Richard,Baughman,RichardBaughman@gmail.com
398,446,Christopher,Noonan,ChristopherNoonan@gmail.com
399,448,Andres,Propes,AndresPropes@gmail.com
400,449,Tammy,Morris,TammyMorris@gmail.com
401,450,Gregory,Ross,GregoryRoss@gmail.com
402,451,Norma,Mikelson,NormaMikelson@gmail.com
403,452,Fannie,Castaneda,FannieCastaneda@gmail.com
404,453,Antonio,Griffin,AntonioGriffin@gmail.com
405,455,Claudia,Miller,ClaudiaMiller@gmail.com
406,456,Jerrell,Johns,JerrellJohns@gmail.com
407,457,Mattie,Saunders,MattieSaunders@gmail.com
408,458,Alan,Smith,AlanSmith@gmail.com
409,459,Aurea,Mahar,AureaMahar@gmail.com
410,460,Stacy,Page,StacyPage@gmail.com
411,461,Marcus,Cooper,MarcusCooper@gmail.com
412,462,Lloyd,Johnson,LloydJohnson@gmail.com
413,464,Rocco,Bretthauer,RoccoBretthauer@gmail.com
414,465,Stacey,Boyd,StaceyBoyd@gmail.com
415,466,Russell,Berger,RussellBerger@gmail.com
416,467,William,Nutt,WilliamNutt@gmail.com
417,468,Gloria,Mclean,GloriaMclean@gmail.com
418,469,Debra,Brown,DebraBrown@gmail.com
419,470,Fatima,Arnold,FatimaArnold@gmail.com
420,471,Claire,Basha,ClaireBasha@gmail.com
421,472,Brenda,Argubright,BrendaArgubright@gmail.com
422,473,Jose,Blandy,JoseBlandy@gmail.com
423,474,Edward,Calton,EdwardCalton@gmail.com
424,475,Thomas,Roy,ThomasRoy@gmail.com
425,476,Janice,Perez,JanicePerez@gmail.com
426,477,Faith,Thon,FaithThon@gmail.com
427,479,William,Lackey,WilliamLackey@gmail.com
428,480,Melissa,Hughes,MelissaHughes@gmail.com
429,481,Charles,Merrill,CharlesMerrill@gmail.com
430,482,Lori,Toborg,LoriToborg@gmail.com
431,483,Rachel,Franklin,RachelFranklin@gmail.com
432,484,Dana,Farmer,DanaFarmer@gmail.com
433,485,Howard,Jenkins,HowardJenkins@gmail.com
434,486,Timothy,Halloway,TimothyHalloway@gmail.com
435,491,William,Reichert,WilliamReichert@gmail.com
436,492,Ollie,Williams,OllieWilliams@gmail.com
437,494,Michael,Kio,MichaelKio@gmail.com
438,495,Pamela,Castor,PamelaCastor@gmail.com
439,496,Hallie,Tesoro,HallieTesoro@gmail.com
440,497,Shannon,Hawkins,ShannonHawkins@gmail.com
441,498,Jennifer,Feldt,JenniferFeldt@gmail.com
442,499,Bennie,Ganley,BennieGanley@gmail.com
443,500,Joanna,Gaudin,JoannaGaudin@gmail.com
444,501,Allan,Rosenholm,AllanRosenholm@gmail.com
445,502,Robert,Mautone,RobertMautone@gmail.com
446,503,Eric,Zuehlke,EricZuehlke@gmail.com
447,504,Jesse,Wilson,JesseWilson@gmail.com
448,505,Lawrence,Kinsey,LawrenceKinsey@gmail.com
449,506,Brittany,Welker,BrittanyWelker@gmail.com
450,507,Gerard,Le,GerardLe@gmail.com
451,508,John,Bryant,JohnBryant@gmail.com
452,509,Anna,Bishop,AnnaBishop@gmail.com
453,510,Winnie,Melendez,WinnieMelendez@gmail.com
454,511,Mary,Miller,MaryMiller@gmail.com
455,513,Tina,Lambert,TinaLambert@gmail.com
456,514,Pearl,Tomlin,PearlTomlin@gmail.com
457,515,Judy,Hema,JudyHema@gmail.com
458,516,Ruth,Weiss,RuthWeiss@gmail.com
459,517,Nicole,Padgett,NicolePadgett@gmail.com
460,518,Catherine,Daniels,CatherineDaniels@gmail.com
461,519,Ivan,Hall,IvanHall@gmail.com
462,520,Jose,Griffin,JoseGriffin@gmail.com
463,521,Charles,Engel,CharlesEngel@gmail.com
464,522,James,Braxton,JamesBraxton@gmail.com
465,523,Karen,Latham,KarenLatham@gmail.com
466,524,Bruce,White,BruceWhite@gmail.com
467,526,William,Dews,WilliamDews@gmail.com
468,527,Donna,Hair,DonnaHair@gmail.com
469,528,Jacquline,Stanton,JacqulineStanton@gmail.com
470,529,Raymond,Burridge,RaymondBurridge@gmail.com
471,531,David,Hall,DavidHall@gmail.com
472,532,Shirley,Little,ShirleyLittle@gmail.com
473,533,Jose,Lees,JoseLees@gmail.com
474,534,Rosemary,Fahy,RosemaryFahy@gmail.com
475,535,Frederick,Mccurdy,FrederickMccurdy@gmail.com
476,536,Catherine,Slaughter,CatherineSlaughter@gmail.com
477,537,Patricia,Harbaugh,PatriciaHarbaugh@gmail.com
478,538,Ana,Dominguez,AnaDominguez@gmail.com
479,539,Therese,Fairbanks,ThereseFairbanks@gmail.com
480,540,Betty,Sawyer,BettySawyer@gmail.com
481,541,Dorthy,Rodriguez,DorthyRodriguez@gmail.com
482,542,Nicholas,Quintana,NicholasQuintana@gmail.com
483,544,Charles,Ruggles,CharlesRuggles@gmail.com
484,545,Trina,Williams,TrinaWilliams@gmail.com
485,546,Michael,Mudget,MichaelMudget@gmail.com
486,547,Jeffrey,Davis,JeffreyDavis@gmail.com
487,548,Olivia,Holmgren,OliviaHolmgren@gmail.com
488,549,Angeline,Whatley,AngelineWhatley@gmail.com
489,550,Frank,Burkart,FrankBurkart@gmail.com
490,551,Arnulfo,Mcgee,ArnulfoMcgee@gmail.com
491,552,Michael,Wein,MichaelWein@gmail.com
492,553,Alice,Kibby,AliceKibby@gmail.com
493,554,Jeanne,Patton,JeannePatton@gmail.com
494,556,Phillis,Hickman,PhillisHickman@gmail.com
495,557,Pam,Poreda,PamPoreda@gmail.com
496,558,Marg,Bauer,MargBauer@gmail.com
497,560,Dennis,Wilkerson,DennisWilkerson@gmail.com
498,561,Sally,Letourneau,SallyLetourneau@gmail.com
499,562,Donald,Sims,DonaldSims@gmail.com
500,563,Timothy,Larson,TimothyLarson@gmail.com
501,564,Bessie,Poland,BessiePoland@gmail.com
502,565,Patrica,Mathews,PatricaMathews@gmail.com
503,566,Christine,Johnson,ChristineJohnson@gmail.com
504,567,Theodore,Bash,TheodoreBash@gmail.com
505,568,Dorothy,Stpierre,DorothyStpierre@gmail.com
506,569,Jill,Gonzalez,JillGonzalez@gmail.com
507,570,Gloria,Bryant,GloriaBryant@gmail.com
508,571,Eva,Venegas,EvaVenegas@gmail.com
509,572,Kimberly,White,KimberlyWhite@gmail.com
510,573,Louis,Russell,LouisRussell@gmail.com
511,575,Felipe,Lacour,FelipeLacour@gmail.com
512,576,Kenneth,Schumpert,KennethSchumpert@gmail.com
513,577,Odis,Thomas,OdisThomas@gmail.com
514,578,Ben,Lebrecque,BenLebrecque@gmail.com
515,579,Jacqueline,Montoya,JacquelineMontoya@gmail.com
516,580,Stephanie,Cooper,StephanieCooper@gmail.com
517,581,Donna,Caruthers,DonnaCaruthers@gmail.com
518,582,Courtney,Paquette,CourtneyPaquette@gmail.com
519,583,Charmaine,Romero,CharmaineRomero@gmail.com
520,584,Sheena,Mcclusky,SheenaMcclusky@gmail.com
521,585,Richard,Wilson,RichardWilson@gmail.com
522,586,Ernest,Eberhardt,ErnestEberhardt@gmail.com
523,587,Gordon,Guzman,GordonGuzman@gmail.com
524,588,Gina,Lusk,GinaLusk@gmail.com
525,589,Earl,Crocker,EarlCrocker@gmail.com
526,590,Gabrielle,Sylvester,GabrielleSylvester@gmail.com
527,591,John,Green,JohnGreen@gmail.com
528,592,Helen,Kollar,HelenKollar@gmail.com
529,593,Thomas,Hunter,ThomasHunter@gmail.com
530,594,Reynaldo,Jones,ReynaldoJones@gmail.com
531,595,John,Courson,JohnCourson@gmail.com
532,598,Lawrence,Schardein,LawrenceSchardein@gmail.com
533,599,Amy,Carmona,AmyCarmona@gmail.com
534,600,Joseph,Hancock,JosephHancock@gmail.com
535,601,Eusebio,Hayes,EusebioHayes@gmail.com
536,602,Clyde,Counts,ClydeCounts@gmail.com
537,603,Elizabeth,Mancuso,ElizabethMancuso@gmail.com
538,604,Kevin,Hetrick,KevinHetrick@gmail.com
539,605,Amy,Allen,AmyAllen@gmail.com
540,606,Lee,Miles,LeeMiles@gmail.com
541,607,Antonio,Wilder,AntonioWilder@gmail.com
542,608,Ralph,Patten,RalphPatten@gmail.com
543,609,Vera,Laird,VeraLaird@gmail.com
544,610,Melissa,Morales,MelissaMorales@gmail.com
545,611,Philip,Michaels,PhilipMichaels@gmail.com
546,613,Kevin,Ali,KevinAli@gmail.com
547,614,Bryan,Seney,BryanSeney@gmail.com
548,615,Jose,Quintana,JoseQuintana@gmail.com
549,617,Leigh,Bakken,LeighBakken@gmail.com
550,618,Carlos,Bradley,CarlosBradley@gmail.com
551,619,Jennifer,Light,JenniferLight@gmail.com
552,620,Micheal,Bucker,MichealBucker@gmail.com
553,623,Joan,Lyles,JoanLyles@gmail.com
554,624,Margot,Cole,MargotCole@gmail.com
555,625,Walter,Browning,WalterBrowning@gmail.com
556,626,Susan,Moore,SusanMoore@gmail.com
557,627,Terry,Vanhook,TerryVanhook@gmail.com
558,628,Kevin,Porter,KevinPorter@gmail.com
559,629,Ted,Self,TedSelf@gmail.com
560,630,Zachary,Cohen,ZacharyCohen@gmail.com
561,632,David,Weidler,DavidWeidler@gmail.com
562,633,Marcy,Munoz,MarcyMunoz@gmail.com
563,634,Judith,Yerger,JudithYerger@gmail.com
564,635,Jerry,Kramer,JerryKramer@gmail.com
565,636,Keith,Powers,KeithPowers@gmail.com
566,637,William,Ohara,WilliamOhara@gmail.com
567,638,Craig,West,CraigWest@gmail.com
568,642,Carrie,Lederman,CarrieLederman@gmail.com
569,643,William,Slade,WilliamSlade@gmail.com
570,644,Eric,Hicks,EricHicks@gmail.com
571,645,Santiago,Belyoussian,SantiagoBelyoussian@gmail.com
572,648,Holly,Duong,HollyDuong@gmail.com
573,649,William,Diaz,WilliamDiaz@gmail.com
574,650,Robert,Lyons,RobertLyons@gmail.com
575,651,Donald,Zhang,DonaldZhang@gmail.com
576,652,James,Kopp,JamesKopp@gmail.com
577,653,Cheryl,Poundstone,CherylPoundstone@gmail.com
578,654,Richard,Raczka,RichardRaczka@gmail.com
579,655,Karen,Henderson,KarenHenderson@gmail.com
580,656,Gracie,Daley,GracieDaley@gmail.com
581,657,Page,Fernandez,PageFernandez@gmail.com
582,658,Deborah,Decicco,DeborahDecicco@gmail.com
583,659,Judith,Sawyer,JudithSawyer@gmail.com
584,660,Gena,Martin,GenaMartin@gmail.com
585,661,Mark,Alexander,MarkAlexander@gmail.com
586,662,Ray,Ellis,RayEllis@gmail.com
587,663,Robert,Leong,RobertLeong@gmail.com
588,664,Mario,Phipps,MarioPhipps@gmail.com
589,665,Sally,Miller,SallyMiller@gmail.com
590,666,Steve,Rosa,SteveRosa@gmail.com
591,667,Troy,Hendrickson,TroyHendrickson@gmail.com
592,668,Harry,Newmark,HarryNewmark@gmail.com
593,669,Chelsey,Goodell,ChelseyGoodell@gmail.com
594,670,Shantelle,Higgins,ShantelleHiggins@gmail.com
595,672,Enoch,Brown,EnochBrown@gmail.com
596,673,Glenn,Connelly,GlennConnelly@gmail.com
597,674,Andrew,Reed,AndrewReed@gmail.com
598,675,Carolyn,Rosas,CarolynRosas@gmail.com
599,676,Donald,Cruz,DonaldCruz@gmail.com
600,677,George,Colucci,GeorgeColucci@gmail.com
601,678,Lillian,Stroman,LillianStroman@gmail.com
602,679,Margaret,Thurman,MargaretThurman@gmail.com
603,680,Tessie,Bell,TessieBell@gmail.com
604,681,Alexis,Everette,AlexisEverette@gmail.com
605,682,Elliot,Ryan,ElliotRyan@gmail.com
606,683,Charles,Stevenson,CharlesStevenson@gmail.com
607,684,John,Calderon,JohnCalderon@gmail.com
608,685,Jerry,Padgett,JerryPadgett@gmail.com
609,686,Carolyn,Engelken,CarolynEngelken@gmail.com
610,687,Stephanie,Summers,StephanieSummers@gmail.com
611,688,Jesus,Burton,JesusBurton@gmail.com
612,689,Steven,Slonaker,StevenSlonaker@gmail.com
613,690,Allene,Paviolitis,AllenePaviolitis@gmail.com
614,691,Hilario,Salvo,HilarioSalvo@gmail.com
615,692,Chance,Ward,ChanceWard@gmail.com
616,693,William,Kendrick,WilliamKendrick@gmail.com
617,694,Dolores,Sutton,DoloresSutton@gmail.com
618,695,Michael,Hughes,MichaelHughes@gmail.com
619,696,Robert,Kondracki,RobertKondracki@gmail.com
620,697,Brett,Fincham,BrettFincham@gmail.com
621,698,Karen,Taylor,KarenTaylor@gmail.com
622,699,Shirley,Kemp,ShirleyKemp@gmail.com
623,700,Carl,Pridgeon,CarlPridgeon@gmail.com
624,701,Nellie,Houser,NellieHouser@gmail.com
625,703,Jeffrey,Lucas,JeffreyLucas@gmail.com
626,704,Carol,Cuevas,CarolCuevas@gmail.com
627,705,Ryan,Gualtieri,RyanGualtieri@gmail.com
628,707,Adam,Steigerwalt,AdamSteigerwalt@gmail.com
629,708,Robert,Avalos,RobertAvalos@gmail.com
630,709,Byron,Rohling,ByronRohling@gmail.com
631,710,Marion,Tompkins,MarionTompkins@gmail.com
632,711,Richard,Griffin,RichardGriffin@gmail.com
633,712,Isa,Pekarek,IsaPekarek@gmail.com
634,713,Paul,Monahan,PaulMonahan@gmail.com
635,714,Jennifer,Hale,JenniferHale@gmail.com
636,715,Miguelina,Cooksey,MiguelinaCooksey@gmail.com
637,716,David,Rutledge,DavidRutledge@gmail.com
638,718,Helen,White,HelenWhite@gmail.com
639,719,Cornelia,Brown,CorneliaBrown@gmail.com
640,720,Jerry,Johnson,JerryJohnson@gmail.com
641,721,Edna,Myles,EdnaMyles@gmail.com
642,722,Juan,Abbey,JuanAbbey@gmail.com
643,723,Anthony,Haran,AnthonyHaran@gmail.com
644,724,Dorian,Henderson,DorianHenderson@gmail.com
645,725,Norman,Orbin,NormanOrbin@gmail.com
646,726,Michael,Campbell,MichaelCampbell@gmail.com
647,727,Royal,Carlson,RoyalCarlson@gmail.com
648,728,Allene,Shackford,AlleneShackford@gmail.com
649,729,Norma,Sanchez,NormaSanchez@gmail.com
650,730,Domingo,Campbell,DomingoCampbell@gmail.com
651,731,Gail,Casavez,GailCasavez@gmail.com
652,732,Ella,Jones,EllaJones@gmail.com
653,733,Elizabeth,Johnston,ElizabethJohnston@gmail.com
654,734,Renee,Cervantes,ReneeCervantes@gmail.com
655,735,John,Cronin,JohnCronin@gmail.com
656,736,Cary,Thompson,CaryThompson@gmail.com
657,737,John,Thomas,JohnThomas@gmail.com
658,738,Tiffani,Miller,TiffaniMiller@gmail.com
659,739,Dora,Butler,DoraButler@gmail.com
660,740,Kristopher,Cooper,KristopherCooper@gmail.com
661,741,Laurence,Monteleone,LaurenceMonteleone@gmail.com
662,743,Aaron,Ferguson,AaronFerguson@gmail.com
663,744,Christopher,Holliday,ChristopherHolliday@gmail.com
664,745,Donna,Foster,DonnaFoster@gmail.com
665,746,Eric,Rau,EricRau@gmail.com
666,747,Janie,Boman,JanieBoman@gmail.com
667,749,Dee,Riches,DeeRiches@gmail.com
668,750,Jason,Burns,JasonBurns@gmail.com
669,751,Isiah,Bragg,IsiahBragg@gmail.com
670,752,Micheal,Roman,MichealRoman@gmail.com
671,753,Karri,Trapp,KarriTrapp@gmail.com
672,754,Florence,Lagnese,FlorenceLagnese@gmail.com
673,755,Miguel,Rosales,MiguelRosales@gmail.com
674,756,Norman,Swanberg,NormanSwanberg@gmail.com
675,757,Ralph,Runyon,RalphRunyon@gmail.com
676,758,Dianne,Allen,DianneAllen@gmail.com
677,759,David,Larrick,DavidLarrick@gmail.com
678,760,Denise,Gomez,DeniseGomez@gmail.com
679,761,Dorothy,Haines,DorothyHaines@gmail.com
680,762,Ray,Gates,RayGates@gmail.com
681,763,Emma,Capriotti,EmmaCapriotti@gmail.com
682,764,Michael,Beamer,MichaelBeamer@gmail.com
683,765,James,Wehrenberg,JamesWehrenberg@gmail.com
684,766,Minnie,Coleman,MinnieColeman@gmail.com
685,767,Kelsi,Cuadras,KelsiCuadras@gmail.com
686,768,Meta,Carrasco,MetaCarrasco@gmail.com
687,769,Robert,Bryant,RobertBryant@gmail.com
688,770,Patrick,Sipes,PatrickSipes@gmail.com
689,773,Sophia,Storck,SophiaStorck@gmail.com
690,774,Stephen,Kumar,StephenKumar@gmail.com
691,775,Martin,Wetzel,MartinWetzel@gmail.com
692,776,Alice,Alston,AliceAlston@gmail.com
693,777,Lori,Arnhart,LoriArnhart@gmail.com
694,778,Yen,Gary,YenGary@gmail.com
695,779,Victor,Boris,VictorBoris@gmail.com
696,780,Lance,Moore,LanceMoore@gmail.com
697,781,Troy,Higginbotham,TroyHigginbotham@gmail.com
698,782,Lucina,Smith,LucinaSmith@gmail.com
699,783,Leon,Cart,LeonCart@gmail.com
700,784,Blanche,Moyer,BlancheMoyer@gmail.com
701,785,Frances,Ales,FrancesAles@gmail.com
702,786,Teresa,Zahri,TeresaZahri@gmail.com
703,788,Armando,Stokes,ArmandoStokes@gmail.com
704,789,Robert,Brown,RobertBrown@gmail.com
705,790,Ralph,Ware,RalphWare@gmail.com
706,791,John,Langlois,JohnLanglois@gmail.com
707,792,Frank,Barnes,FrankBarnes@gmail.com
708,793,Ira,Marrero,IraMarrero@gmail.com
709,794,David,Rosado,DavidRosado@gmail.com
710,795,Rebecca,Sanchez,RebeccaSanchez@gmail.com
711,798,Gary,Mckay,GaryMckay@gmail.com
712,799,Flora,Trahan,FloraTrahan@gmail.com
713,800,Sandra,Portillo,SandraPortillo@gmail.com
714,801,Eugene,Stiles,EugeneStiles@gmail.com
715,803,Margaret,Armendariz,MargaretArmendariz@gmail.com
716,804,Althea,Smith,AltheaSmith@gmail.com
717,805,Diana,Shulda,DianaShulda@gmail.com
718,806,Christina,Brown,ChristinaBrown@gmail.com
719,808,Katherine,Phillips,KatherinePhillips@gmail.com
720,809,John,Sevin,JohnSevin@gmail.com
721,810,Dennis,Oneill,DennisOneill@gmail.com
722,811,Jimmy,Bernardo,JimmyBernardo@gmail.com
723,812,Hilda,Sterling,HildaSterling@gmail.com
724,814,Ella,Tedeschi,EllaTedeschi@gmail.com
725,816,Donald,Jennings,DonaldJennings@gmail.com
726,817,Michael,Renner,MichaelRenner@gmail.com
727,818,Michelle,Githens,MichelleGithens@gmail.com
728,819,Mary,Goodson,MaryGoodson@gmail.com
729,820,Blanche,Stacey,BlancheStacey@gmail.com
730,821,Scott,Reed,ScottReed@gmail.com
731,822,Clark,Baker,ClarkBaker@gmail.com
732,823,Joanne,Stanfa,JoanneStanfa@gmail.com
733,824,Dewayne,Gaither,DewayneGaither@gmail.com
734,825,David,Murray,DavidMurray@gmail.com
735,827,Ricky,Neal,RickyNeal@gmail.com
736,828,Brenda,Cather,BrendaCather@gmail.com
737,830,Frances,Ortiz,FrancesOrtiz@gmail.com
738,831,Robert,Alexis,RobertAlexis@gmail.com
739,832,Graham,Gomez,GrahamGomez@gmail.com
740,834,Bradley,Holland,BradleyHolland@gmail.com
741,835,Jose,Choi,JoseChoi@gmail.com
742,836,Wesley,Stanley,WesleyStanley@gmail.com
743,837,Norma,Humann,NormaHumann@gmail.com
744,839,Roberto,Robles,RobertoRobles@gmail.com
745,840,Lillian,Richter,LillianRichter@gmail.com
746,841,Misti,Holmes,MistiHolmes@gmail.com
747,842,Van,Kapitula,VanKapitula@gmail.com
748,843,Mary,Kim,MaryKim@gmail.com
749,844,Robert,Garcia,RobertGarcia@gmail.com
750,845,Raymond,Feltus,RaymondFeltus@gmail.com
751,846,Kenneth,Mcswain,KennethMcswain@gmail.com
752,847,Benjamin,Long,BenjaminLong@gmail.com
753,848,Jerome,Cornelison,JeromeCornelison@gmail.com
754,850,Jenine,Anderson,JenineAnderson@gmail.com
755,851,Ralph,Hargrove,RalphHargrove@gmail.com
756,852,Charles,Lemon,CharlesLemon@gmail.com
757,853,Eric,Welsh,EricWelsh@gmail.com
758,854,Larry,Coates,LarryCoates@gmail.com
759,855,Richard,Robinson,RichardRobinson@gmail.com
760,856,Rogelio,Foster,RogelioFoster@gmail.com
761,857,Moses,Ali,MosesAli@gmail.com
762,858,Matthew,Lewin,MatthewLewin@gmail.com
763,859,Esther,Betterton,EstherBetterton@gmail.com
764,860,Pedro,Davis,PedroDavis@gmail.com
765,861,Adele,Bishop,AdeleBishop@gmail.com
766,862,Walter,Donnally,WalterDonnally@gmail.com
767,863,Barbara,Arroyo,BarbaraArroyo@gmail.com
768,864,Lee,Sanborn,LeeSanborn@gmail.com
769,865,Harold,Long,HaroldLong@gmail.com
770,866,Corinna,Smith,CorinnaSmith@gmail.com
771,867,Jorge,Sprenkle,JorgeSprenkle@gmail.com
772,868,Ricky,Houston,RickyHouston@gmail.com
773,869,Adam,Larabee,AdamLarabee@gmail.com
774,870,Natalie,Thompson,NatalieThompson@gmail.com
775,871,Joseph,Simpson,JosephSimpson@gmail.com
776,872,Demarcus,Howard,DemarcusHoward@gmail.com
777,873,James,Smith,JamesSmith@gmail.com
778,874,Ashley,Wood,AshleyWood@gmail.com
779,875,Michael,May,MichaelMay@gmail.com
780,876,Clara,Bourg,ClaraBourg@gmail.com
781,877,Felipe,Knutson,FelipeKnutson@gmail.com
782,878,Lindsey,Hutchison,LindseyHutchison@gmail.com
783,879,Stephanie,King,StephanieKing@gmail.com
784,880,David,Mcpartland,DavidMcpartland@gmail.com
785,881,Ramon,Thompson,RamonThompson@gmail.com
786,882,Michael,Plummer,MichaelPlummer@gmail.com
787,883,Sandra,Smalls,SandraSmalls@gmail.com
788,884,Dennis,Faulkner,DennisFaulkner@gmail.com
789,885,Jean,Hanley,JeanHanley@gmail.com
790,886,Truman,Lattus,TrumanLattus@gmail.com
791,887,Sean,Economou,SeanEconomou@gmail.com
792,888,Robert,San,RobertSan@gmail.com
793,889,Ruthie,Pierce,RuthiePierce@gmail.com
794,891,George,Sargent,GeorgeSargent@gmail.com
795,892,Randall,Williams,RandallWilliams@gmail.com
796,893,Cindi,Freeman,CindiFreeman@gmail.com
797,894,Daisy,Standley,DaisyStandley@gmail.com
798,895,Michael,Vickers,MichaelVickers@gmail.com
799,896,John,Pennell,JohnPennell@gmail.com
800,897,Jackie,Page,JackiePage@gmail.com
801,899,Randolph,Marchitto,RandolphMarchitto@gmail.com
802,900,John,Lanham,JohnLanham@gmail.com
803,901,Ramon,Odom,RamonOdom@gmail.com
804,902,Magen,Savage,MagenSavage@gmail.com
805,903,Sherry,Robinson,SherryRobinson@gmail.com
806,904,Donna,Boyne,DonnaBoyne@gmail.com
807,905,Chris,Shanklin,ChrisShanklin@gmail.com
808,906,Marc,Akers,MarcAkers@gmail.com
809,907,Shirley,Schroeder,ShirleySchroeder@gmail.com
810,908,Mildred,Weaver,MildredWeaver@gmail.com
811,909,Cynthia,Stein,CynthiaStein@gmail.com
812,910,Jessica,Eyre,JessicaEyre@gmail.com
813,911,Hazel,Goodsite,HazelGoodsite@gmail.com
814,913,Tamra,Shy,TamraShy@gmail.com
815,914,Ruben,Morgan,RubenMorgan@gmail.com
816,915,Gregory,Pina,GregoryPina@gmail.com
817,916,Manuel,Bassett,ManuelBassett@gmail.com
818,917,Mary,Winston,MaryWinston@gmail.com
819,919,James,Wolff,JamesWolff@gmail.com
820,920,Jesus,Savini,JesusSavini@gmail.com
821,921,Joyce,Rivera,JoyceRivera@gmail.com
822,923,Charlie,Gelb,CharlieGelb@gmail.com
823,925,Edith,Moreland,EdithMoreland@gmail.com
824,926,Debbie,Mcadoo,DebbieMcadoo@gmail.com
825,927,Suzanne,Shelton,SuzanneShelton@gmail.com
826,928,Stanley,Knox,StanleyKnox@gmail.com
827,930,Cyril,Harper,CyrilHarper@gmail.com
828,931,Dara,Jemison,DaraJemison@gmail.com
829,934,Richard,Bilger,RichardBilger@gmail.com
830,935,Ruben,Scott,RubenScott@gmail.com
831,936,Dion,Profitt,DionProfitt@gmail.com
832,937,Tyler,Farber,TylerFarber@gmail.com
833,938,Wanda,Thompson,WandaThompson@gmail.com
834,939,Sandra,Ebert,SandraEbert@gmail.com
835,940,David,Dandurand,DavidDandurand@gmail.com
836,941,James,Reed,JamesReed@gmail.com
837,943,Penny,Hakimian,PennyHakimian@gmail.com
838,944,Hector,Bachman,HectorBachman@gmail.com
839,945,Alexander,Robinson,AlexanderRobinson@gmail.com
840,947,Felix,Quella,FelixQuella@gmail.com
841,949,Kristina,Burns,KristinaBurns@gmail.com
842,950,Mary,Mclanahan,MaryMclanahan@gmail.com
843,951,Frances,Clark,FrancesClark@gmail.com
844,952,Joel,Maggard,JoelMaggard@gmail.com
845,953,Iris,Bennett,IrisBennett@gmail.com
846,954,Amanda,Speir,AmandaSpeir@gmail.com
847,955,Anne,Garza,AnneGarza@gmail.com
848,956,Melvin,Waggner,MelvinWaggner@gmail.com
849,958,Elaine,Geiger,ElaineGeiger@gmail.com
850,959,Larry,Briscoe,LarryBriscoe@gmail.com
851,960,Kiara,Tejeiro,KiaraTejeiro@gmail.com
852,961,Sofia,Dewoody,SofiaDewoody@gmail.com
853,962,Mary,Harris,MaryHarris@gmail.com
854,963,Sherry,Sarver,SherrySarver@gmail.com
855,964,Robby,Libby,RobbyLibby@gmail.com
856,965,Christian,Martinez,ChristianMartinez@gmail.com
857,966,Christine,Schreiber,ChristineSchreiber@gmail.com
858,967,David,Saballos,DavidSaballos@gmail.com
859,968,Bradley,Steinmetz,BradleySteinmetz@gmail.com
860,969,Nathan,Kinter,NathanKinter@gmail.com
861,970,Roy,Byrd,RoyByrd@gmail.com
862,971,Mark,Todd,MarkTodd@gmail.com
863,972,Peter,Meldrum,PeterMeldrum@gmail.com
864,975,Travis,Lyman,TravisLyman@gmail.com
865,976,Jerry,Stanley,JerryStanley@gmail.com
866,977,Maria,Nocera,MariaNocera@gmail.com
867,978,Jade,Lyons,JadeLyons@gmail.com
868,979,Addie,Buckles,AddieBuckles@gmail.com
869,980,Donald,Workman,DonaldWorkman@gmail.com
870,981,Kathleen,Crockett,KathleenCrockett@gmail.com
871,982,Debra,Merchant,DebraMerchant@gmail.com
872,983,Christine,Delay,ChristineDelay@gmail.com
873,984,Christopher,Sisneros,ChristopherSisneros@gmail.com
874,985,James,Farina,JamesFarina@gmail.com
875,986,Michael,Mccracken,MichaelMccracken@gmail.com
876,987,Marvin,Roux,MarvinRoux@gmail.com
877,988,Edwin,Moss,EdwinMoss@gmail.com
878,989,Ashley,Jones,AshleyJones@gmail.com
879,990,Vincent,Stephenson,VincentStephenson@gmail.com
880,991,Bennie,Orsborn,BennieOrsborn@gmail.com
881,993,Robert,White,RobertWhite@gmail.com
882,994,Christopher,Mcclellan,ChristopherMcclellan@gmail.com
883,995,George,Mattison,GeorgeMattison@gmail.com
884,996,Heather,Oliver,HeatherOliver@gmail.com
885,997,Pamela,Jones,PamelaJones@gmail.com
886,998,Donna,Allen,DonnaAllen@gmail.com
887,999,Melvin,Mize,MelvinMize@gmail.com
888,1000,Michael,Roth,MichaelRoth@gmail.com
